City_ID,City,Country,Date,Lat,Lng,Max Temp,Humidity,Cloudiness,Wind Speed,Current Description,Rain inches (last 3 hrs),Snow inches (last 3 hrs)
0,san patricio,US,2021-12-12 12:16:53,28.017,-97.5169,51.84,47,100,6.24,overcast clouds,0.0,0
1,beringovskiy,RU,2021-12-12 12:16:54,63.05,179.3167,-24.43,98,44,8.48,scattered clouds,0.0,0
2,san agustin,MX,2021-12-12 12:16:54,20.5333,-103.4667,54.32,80,40,0.0,scattered clouds,0.0,0
3,port hardy,CA,2021-12-12 12:16:54,50.6996,-127.4199,37.76,84,100,6.64,light rain,0.0,0
4,paratinga,BR,2021-12-12 12:16:55,-12.6906,-43.1842,75.81,83,99,5.06,overcast clouds,0.0,0
5,bethel,US,2021-12-12 12:16:55,41.3712,-73.414,43.38,54,1,4.0,clear sky,0.0,0
6,avera,US,2021-12-12 12:16:55,33.194,-82.5271,51.67,71,100,8.1,overcast clouds,0.0,0
7,olinda,BR,2021-12-12 12:13:54,-8.0089,-34.8553,85.73,62,40,9.22,scattered clouds,0.0,0
8,santa rosa,PH,2021-12-12 12:16:56,14.3122,121.1114,81.1,80,83,13.0,broken clouds,0.0,0
9,khatanga,RU,2021-12-12 12:16:56,71.9667,102.5,-50.01,100,58,1.97,broken clouds,0.0,0
10,provideniya,RU,2021-12-12 12:16:57,64.3833,-173.3,-10.21,86,2,5.23,clear sky,0.0,0
11,saint-philippe,RE,2021-12-12 12:16:57,-21.3585,55.7679,83.79,75,95,12.55,overcast clouds,0.0,0
12,castro,BR,2021-12-12 12:16:57,-24.7911,-50.0119,78.53,46,88,0.76,overcast clouds,0.0,0
13,moranbah,AU,2021-12-12 12:16:58,-22.0016,148.0466,78.37,62,36,16.58,scattered clouds,0.0,0
14,pevek,RU,2021-12-12 12:16:58,69.7008,170.3133,-34.74,97,35,4.52,scattered clouds,0.0,0
15,mount gambier,AU,2021-12-12 12:16:58,-37.8333,140.7667,62.38,51,21,7.25,few clouds,0.0,0
16,waipawa,NZ,2021-12-12 12:16:59,-41.4122,175.5153,54.23,84,95,7.54,light rain,0.0,0
17,cabo san lucas,MX,2021-12-12 12:13:48,22.8909,-109.9124,70.52,76,8,3.62,clear sky,0.0,0
18,roald,NO,2021-12-12 12:16:59,62.5833,6.1333,44.74,70,75,10.36,broken clouds,0.0,0
19,jamestown,US,2021-12-12 12:16:59,42.097,-79.2353,35.19,84,90,8.99,overcast clouds,0.0,0
20,hithadhoo,MV,2021-12-12 12:16:59,-0.6,73.0833,81.59,74,100,9.78,overcast clouds,0.0,0
21,albany,US,2021-12-12 12:13:55,42.6001,-73.9662,37.47,76,68,1.99,broken clouds,0.0,0
22,saskylakh,RU,2021-12-12 12:12:13,71.9167,114.0833,-45.47,100,69,3.4,broken clouds,0.0,0
23,mar del plata,AR,2021-12-12 12:17:00,-38.0023,-57.5575,64.87,100,100,1.99,light rain,0.0,0
24,te anau,NZ,2021-12-12 12:17:00,-45.4167,167.7167,46.38,91,70,1.52,broken clouds,0.0,0
25,mataura,NZ,2021-12-12 12:17:01,-46.1927,168.8643,46.47,97,72,2.26,broken clouds,0.0,0
26,aripuana,BR,2021-12-12 12:17:01,-9.1667,-60.6333,75.58,95,100,3.85,overcast clouds,0.0,0
27,kapaa,US,2021-12-12 12:17:01,22.0752,-159.319,73.72,83,75,1.99,light rain,0.0,0
28,hobart,AU,2021-12-12 12:17:01,-42.8794,147.3294,55.26,77,20,1.01,few clouds,0.0,0
29,weyburn,CA,2021-12-12 12:15:06,49.6668,-103.8511,29.35,79,5,10.31,clear sky,0.0,0
30,kruisfontein,ZA,2021-12-12 12:17:02,-34.0033,24.7314,75.88,62,72,15.97,broken clouds,0.0,0
31,port hedland,AU,2021-12-12 12:15:15,-20.3167,118.5667,86.05,74,1,10.36,clear sky,0.0,0
32,banda aceh,ID,2021-12-12 12:17:03,5.5577,95.3222,80.22,78,17,13.69,few clouds,0.0,0
33,pingliang,CN,2021-12-12 12:17:03,35.5392,106.6861,26.38,80,6,3.44,clear sky,0.0,0
34,boyolangu,ID,2021-12-12 12:17:03,-8.1181,111.8935,77.05,91,81,5.88,broken clouds,0.0,0
35,bielsko-biala,PL,2021-12-12 12:17:04,49.8224,19.0469,36.39,90,98,5.01,overcast clouds,0.0,0
36,payson,US,2021-12-12 12:17:04,40.0444,-111.7321,35.01,72,1,16.11,clear sky,0.0,0
37,thompson,CA,2021-12-12 12:17:04,55.7435,-97.8558,-2.04,84,90,3.44,light snow,0.0,0
38,trairi,BR,2021-12-12 12:14:35,-3.2778,-39.2689,87.73,54,69,14.18,broken clouds,0.0,0
39,longyearbyen,SJ,2021-12-12 12:17:05,78.2186,15.6401,33.64,80,75,25.32,light rain,0.0,0
40,cape town,ZA,2021-12-12 12:15:06,-33.9258,18.4232,75.11,64,20,1.01,few clouds,0.0,0
41,pisco,PE,2021-12-12 12:17:05,-13.7,-76.2167,68.05,83,90,2.3,overcast clouds,0.0,0
42,santo domingo,DO,2021-12-12 12:13:17,18.5001,-69.9886,76.03,88,20,3.0,few clouds,0.0,0
43,salalah,OM,2021-12-12 12:17:05,17.0151,54.0924,84.29,23,0,19.57,clear sky,0.0,0
44,vaini,TO,2021-12-12 12:17:06,-21.2,-175.2,77.16,94,20,5.75,light rain,0.0,0
45,alta floresta,BR,2021-12-12 12:17:06,-9.8756,-56.0861,70.84,99,100,2.26,light rain,0.0,0
46,bredasdorp,ZA,2021-12-12 12:17:07,-34.5322,20.0403,71.28,49,100,11.36,overcast clouds,0.0,0
47,bluff,NZ,2021-12-12 12:17:07,-46.6,168.3333,46.8,80,48,8.77,scattered clouds,0.0,0
48,port alfred,ZA,2021-12-12 12:17:08,-33.5906,26.891,73.96,78,98,15.88,overcast clouds,0.0,0
49,punta arenas,CL,2021-12-12 12:17:08,-53.15,-70.9167,51.91,54,40,21.85,scattered clouds,0.0,0
50,pacific grove,US,2021-12-12 12:15:50,36.6177,-121.9166,48.61,77,90,1.01,overcast clouds,0.0,0
51,atuona,PF,2021-12-12 12:17:09,-9.8,-139.0333,78.15,79,34,18.43,scattered clouds,0.0,0
52,yellowknife,CA,2021-12-12 12:17:00,62.456,-114.3525,11.41,89,90,8.05,light snow,0.0,0
53,geraldton,AU,2021-12-12 12:17:09,-28.7667,114.6,68.41,64,0,25.32,clear sky,0.0,0
54,norman wells,CA,2021-12-12 12:17:10,65.282,-126.8329,-2.16,65,90,11.5,light snow,0.0,0
55,moyale,KE,2021-12-12 12:17:10,3.5167,39.0584,84.96,24,45,17.69,scattered clouds,0.0,0
56,saint george,US,2021-12-12 12:17:10,37.1041,-113.5841,40.35,72,1,0.0,clear sky,0.0,0
57,arinos,BR,2021-12-12 12:17:11,-15.9169,-46.1056,79.0,74,89,4.85,overcast clouds,0.0,0
58,ribeira grande,PT,2021-12-12 12:17:11,38.5167,-28.7,61.2,72,40,25.32,scattered clouds,0.0,0
59,ponta do sol,PT,2021-12-12 12:17:11,32.6667,-17.1,70.0,73,36,0.56,scattered clouds,0.0,0
60,georgetown,MY,2021-12-12 12:17:12,5.4112,100.3354,85.89,74,20,6.91,few clouds,0.0,0
61,esperance,AU,2021-12-12 12:17:12,-33.8667,121.9,58.5,56,63,12.53,broken clouds,0.0,0
62,cambridge,CA,2021-12-12 12:15:01,43.3601,-80.3127,32.14,86,15,1.99,few clouds,0.0,0
63,alice springs,AU,2021-12-12 12:13:45,-23.7,133.8833,78.35,25,0,6.91,clear sky,0.0,0
64,poltavka,RU,2021-12-12 12:17:13,54.3663,71.7632,2.61,96,9,6.55,clear sky,0.0,0
65,dingle,PH,2021-12-12 12:17:13,10.9995,122.6711,76.24,92,99,8.01,overcast clouds,0.0,0
66,pangnirtung,CA,2021-12-12 12:17:13,66.1451,-65.7125,-7.94,76,16,5.61,few clouds,0.0,0
67,mumbwa,ZM,2021-12-12 12:17:14,-14.9783,27.0619,97.54,13,9,10.8,clear sky,0.0,0
68,nchelenge,ZM,2021-12-12 12:17:14,-9.3451,28.734,84.06,48,12,7.2,few clouds,0.0,0
69,saldanha,ZA,2021-12-12 12:17:09,-33.0117,17.9442,65.3,72,100,10.25,overcast clouds,0.0,0
70,rikitea,PF,2021-12-12 12:17:14,-23.1203,-134.9692,76.46,76,53,6.91,light rain,0.0,0
71,makakilo city,US,2021-12-12 12:17:15,21.3469,-158.0858,71.92,82,20,3.44,light intensity drizzle,0.0,0
72,volosovo,RU,2021-12-12 12:17:15,59.4333,29.4833,21.78,96,100,5.97,overcast clouds,0.0,0
73,tuktoyaktuk,CA,2021-12-12 12:17:16,69.4541,-133.0374,0.52,96,100,11.5,overcast clouds,0.0,0
74,miri,MY,2021-12-12 12:17:16,4.4148,114.0089,80.74,89,40,3.44,scattered clouds,0.0,0
75,chuy,UY,2021-12-12 12:17:16,-33.6971,-53.4616,72.64,60,0,6.31,clear sky,0.0,0
76,makhachkala,RU,2021-12-12 12:17:17,42.9764,47.5024,39.18,70,100,7.49,overcast clouds,0.0,0
77,port lincoln,AU,2021-12-12 12:15:22,-34.7333,135.8667,62.6,86,59,15.28,broken clouds,0.0,0
78,mudon,MM,2021-12-12 12:17:17,16.2578,97.7164,79.84,54,3,11.7,clear sky,0.0,0
79,carnarvon,AU,2021-12-12 12:17:18,-24.8667,113.6333,73.47,68,0,20.71,clear sky,0.0,0
80,dolores,AR,2021-12-12 12:17:18,-36.3132,-57.6792,72.18,72,89,6.82,overcast clouds,0.0,0
81,mayo,US,2021-12-12 12:17:18,38.8876,-76.5119,43.14,54,1,5.99,clear sky,0.0,0
82,mamallapuram,IN,2021-12-12 12:17:19,12.6264,80.1722,83.05,77,57,15.43,broken clouds,0.0,0
83,new norfolk,AU,2021-12-12 12:17:19,-42.7826,147.0587,54.91,66,3,1.01,clear sky,0.0,0
84,qaanaaq,GL,2021-12-12 12:15:14,77.484,-69.3632,-0.35,63,52,4.18,broken clouds,0.0,0
85,russell,US,2021-12-12 12:15:22,32.3502,-85.1999,45.68,70,1,8.05,clear sky,0.0,0
86,bandarbeyla,SO,2021-12-12 12:17:20,9.4942,50.8122,79.99,69,0,25.37,clear sky,0.0,0
87,la peca,PE,2021-12-12 12:17:18,-5.6111,-78.435,68.85,88,76,1.12,broken clouds,0.0,0
88,grindavik,IS,2021-12-12 12:17:20,63.8424,-22.4338,43.27,87,75,19.57,moderate rain,0.0,0
89,xiaoweizhai,CN,2021-12-12 12:17:20,26.1903,107.5125,43.68,93,100,5.14,overcast clouds,0.0,0
90,benguela,AO,2021-12-12 12:17:20,-12.5763,13.4055,82.81,73,88,7.25,overcast clouds,0.0,0
91,arraial do cabo,BR,2021-12-12 12:17:21,-22.9661,-42.0278,84.16,78,75,3.44,broken clouds,0.0,0
92,oyonnax,FR,2021-12-12 12:17:21,46.2592,5.6573,38.61,91,64,1.99,broken clouds,0.0,0
93,praia,CV,2021-12-12 12:17:21,14.9215,-23.5087,79.34,65,75,17.27,broken clouds,0.0,0
94,chumikan,RU,2021-12-12 12:17:22,54.7183,135.315,8.53,93,100,5.39,overcast clouds,0.0,0
95,kavaratti,IN,2021-12-12 12:17:22,10.5669,72.642,82.71,71,29,5.46,scattered clouds,0.0,0
96,princeton,US,2021-12-12 12:15:22,25.5384,-80.4089,73.0,95,1,3.44,mist,0.0,0
97,garowe,SO,2021-12-12 12:17:22,8.4054,48.4845,88.68,30,12,17.36,few clouds,0.0,0
98,bahadurganj,IN,2021-12-12 12:17:23,26.2667,87.8167,69.19,34,12,5.37,few clouds,0.0,0
99,ngunguru,NZ,2021-12-12 12:17:23,-35.6167,174.5,70.16,93,67,4.32,broken clouds,0.0,0
100,anaco,VE,2021-12-12 12:17:23,9.4389,-64.4728,74.77,82,100,1.41,overcast clouds,0.0,0
101,barrow,US,2021-12-12 12:17:24,71.2906,-156.7887,-5.78,77,1,11.5,haze,0.0,0
102,aswan,EG,2021-12-12 12:17:24,24.0934,32.907,86.34,34,100,4.76,overcast clouds,0.0,0
103,katsuura,JP,2021-12-12 12:17:24,35.1333,140.3,65.19,63,17,26.89,few clouds,0.0,0
104,elizabethtown,US,2021-12-12 12:14:22,37.694,-85.8591,30.02,73,0,2.75,clear sky,0.0,0
105,saint-georges,GD,2021-12-12 12:17:25,12.0564,-61.7485,80.28,83,75,5.75,broken clouds,0.0,0
106,midland,US,2021-12-12 12:15:22,31.9974,-102.0779,40.48,41,1,4.61,clear sky,0.0,0
107,haines junction,CA,2021-12-12 12:17:25,60.7522,-137.5108,-0.45,60,100,10.36,overcast clouds,0.0,0
108,dhidhdhoo,MV,2021-12-12 12:17:26,6.8833,73.1,82.94,71,100,9.1,overcast clouds,0.0,0
109,rio pardo,BR,2021-12-12 12:17:26,-29.9897,-52.3781,78.21,50,72,7.61,broken clouds,0.0,0
110,puerto madryn,AR,2021-12-12 12:17:04,-42.7692,-65.0385,65.05,29,1,22.46,clear sky,0.0,0
111,dikson,RU,2021-12-12 12:17:26,73.5069,80.5464,-21.05,97,64,7.43,broken clouds,0.0,0
112,ilulissat,GL,2021-12-12 12:17:27,69.2167,-51.1,21.22,68,75,9.22,broken clouds,0.0,0
113,srednekolymsk,RU,2021-12-12 12:17:27,67.45,153.6833,-49.38,100,87,2.48,overcast clouds,0.0,0
114,hermanus,ZA,2021-12-12 12:17:27,-34.4187,19.2345,73.9,68,100,7.0,overcast clouds,0.0,0
115,ushuaia,AR,2021-12-12 12:17:28,-54.8,-68.3,46.06,93,90,19.57,light rain,0.0,0
116,port elizabeth,ZA,2021-12-12 12:16:33,-33.918,25.5701,78.1,78,75,10.36,broken clouds,0.0,0
117,kodiak,US,2021-12-12 12:17:28,57.79,-152.4072,11.71,57,1,32.21,clear sky,0.0,0
118,nikolskoye,RU,2021-12-12 12:17:28,59.7035,30.7861,23.4,95,100,6.11,overcast clouds,0.0,0
119,la ronge,CA,2021-12-12 12:15:24,55.1001,-105.2842,10.65,85,1,2.3,clear sky,0.0,0
120,vila franca do campo,PT,2021-12-12 12:17:29,37.7167,-25.4333,63.19,83,100,10.29,overcast clouds,0.0,0
121,quatre cocos,MU,2021-12-12 12:17:29,-20.2078,57.7625,82.51,69,54,15.01,light rain,0.0,0
122,ketchikan,US,2021-12-12 12:16:23,55.3422,-131.6461,36.07,80,75,20.71,moderate rain,0.0,0
123,belaya gora,RU,2021-12-12 12:17:30,68.5333,146.4167,-45.72,99,87,0.81,overcast clouds,0.0,0
124,bagua grande,PE,2021-12-12 12:17:30,-5.7561,-78.4411,74.84,82,74,1.54,broken clouds,0.0,0
125,izmit,TR,2021-12-12 12:17:30,40.7669,29.9169,62.78,82,75,9.22,broken clouds,0.0,0
126,bengkulu,ID,2021-12-12 12:17:31,-3.8004,102.2655,79.09,86,96,6.2,overcast clouds,0.0,0
127,walvis bay,NA,2021-12-12 12:17:31,-22.9575,14.5053,64.09,51,18,17.02,few clouds,0.0,0
128,hovd,MN,2021-12-12 12:17:31,48.0056,91.6419,6.42,66,0,4.56,clear sky,0.0,0
129,butaritari,KI,2021-12-12 12:17:32,3.0707,172.7902,82.38,74,99,15.88,overcast clouds,0.0,0
130,san carlos del zulia,VE,2021-12-12 12:17:32,9.0,-71.9135,72.55,92,93,3.11,overcast clouds,0.0,0
131,tongliao,CN,2021-12-12 12:17:32,43.6125,122.2653,5.05,78,1,7.16,clear sky,0.0,0
132,okitipupa,NG,2021-12-12 12:17:33,6.5047,4.7839,99.61,26,65,1.01,broken clouds,0.0,0
133,puerto ayora,EC,2021-12-12 12:17:33,-0.7393,-90.3518,68.56,96,100,6.85,overcast clouds,0.0,0
134,new amsterdam,GY,2021-12-12 12:17:33,6.25,-57.5167,74.19,98,100,3.29,moderate rain,0.0,0
135,busselton,AU,2021-12-12 12:17:34,-33.65,115.3333,59.09,61,3,19.26,clear sky,0.0,0
136,ahipara,NZ,2021-12-12 12:17:34,-35.1667,173.1667,66.58,95,72,5.66,broken clouds,0.0,0
137,shu,KZ,2021-12-12 12:17:34,43.5983,73.7614,42.12,74,100,6.55,overcast clouds,0.0,0
138,channel-port aux basques,CA,2021-12-12 12:17:35,47.5702,-59.1367,49.96,96,100,34.54,overcast clouds,0.0,0
139,ostrovnoy,RU,2021-12-12 12:17:35,68.0531,39.5131,27.12,92,96,15.99,overcast clouds,0.0,0
140,san quintin,MX,2021-12-12 12:17:35,30.4833,-115.95,54.45,62,0,6.26,clear sky,0.0,0
141,san pedro,PH,2021-12-12 12:17:35,14.35,121.0167,80.35,80,20,3.44,few clouds,0.0,0
142,henties bay,NA,2021-12-12 12:17:36,-22.116,14.2845,63.86,67,4,12.53,clear sky,0.0,0
143,iqaluit,CA,2021-12-12 12:17:36,63.7506,-68.5145,4.73,78,90,2.3,light snow,0.0,0
144,sao joao da barra,BR,2021-12-12 12:17:37,-21.6403,-41.0511,82.49,79,99,10.33,overcast clouds,0.0,0
145,honningsvag,NO,2021-12-12 12:17:37,70.9821,25.9704,32.11,87,100,14.32,light snow,0.0,0
146,torbay,CA,2021-12-12 12:17:37,47.6666,-52.7314,51.58,97,90,31.07,light intensity drizzle,0.0,0
147,souillac,MU,2021-12-12 12:17:38,-20.5167,57.5167,82.78,69,75,13.8,light rain,0.0,0
148,east london,ZA,2021-12-12 12:17:38,-33.0153,27.9116,76.14,73,20,10.36,few clouds,0.0,0
149,hamilton,US,2021-12-12 12:14:41,39.1834,-84.5333,32.56,85,1,4.61,clear sky,0.0,0
150,chaplygin,RU,2021-12-12 12:17:38,53.2432,39.9629,21.29,76,82,9.55,broken clouds,0.0,0
151,sambava,MG,2021-12-12 12:17:39,-14.2667,50.1667,82.83,64,100,10.29,overcast clouds,0.0,0
152,kushmurun,KZ,2021-12-12 12:17:39,52.4503,64.6311,6.75,93,7,7.92,clear sky,0.0,0
153,pimentel,PE,2021-12-12 12:17:40,-6.8367,-79.9342,66.49,77,0,9.22,clear sky,0.0,0
154,mackenzie,CA,2021-12-12 12:17:40,55.2999,-123.1698,17.82,93,90,3.44,mist,0.0,0
155,vardo,NO,2021-12-12 12:17:40,70.3705,31.1107,26.8,95,100,13.31,light snow,0.0,0
156,haicheng,CN,2021-12-12 12:17:41,40.8516,122.7475,22.35,38,0,2.51,clear sky,0.0,0
157,pryazha,RU,2021-12-12 12:17:41,61.6926,33.6216,6.03,95,99,4.0,overcast clouds,0.0,0
158,khorramshahr,IR,2021-12-12 12:17:41,30.4397,48.1664,75.16,29,0,11.5,clear sky,0.0,0
159,lorengau,PG,2021-12-12 12:17:42,-2.0226,147.2712,82.78,84,98,8.61,overcast clouds,0.0,0
160,tiksi,RU,2021-12-12 12:17:42,71.6872,128.8694,-21.93,100,91,2.77,overcast clouds,0.0,0
161,hilo,US,2021-12-12 12:17:25,19.7297,-155.09,71.28,82,1,6.91,clear sky,0.0,0
162,maragogi,BR,2021-12-12 12:17:42,-9.0122,-35.2225,83.08,65,15,11.21,few clouds,0.0,0
163,hwange,ZW,2021-12-12 12:17:43,-18.3693,26.5019,100.15,17,81,10.16,broken clouds,0.0,0
164,caravelas,BR,2021-12-12 12:17:43,-17.7125,-39.2481,83.46,62,74,7.02,broken clouds,0.0,0
165,saint paul,US,2021-12-12 12:17:43,44.9444,-93.0933,28.11,81,1,1.99,clear sky,0.0,0
166,lompoc,US,2021-12-12 12:17:44,34.6391,-120.4579,53.13,84,1,4.61,clear sky,0.0,0
167,poum,NC,2021-12-12 12:17:44,-20.2333,164.0167,81.14,81,100,16.17,overcast clouds,0.0,0
168,baijiantan,CN,2021-12-12 12:17:44,45.6333,85.1833,16.57,68,72,5.53,broken clouds,0.0,0
169,kampen,NL,2021-12-12 12:17:45,52.555,5.9111,50.99,85,100,11.07,overcast clouds,0.0,0
170,manta,EC,2021-12-12 12:17:45,-0.95,-80.7333,71.38,100,90,0.0,light rain,0.0,0
171,sencha,UA,2021-12-12 12:17:45,50.2548,33.346,39.58,78,81,10.98,broken clouds,0.0,0
172,hauterive,FR,2021-12-12 12:17:45,46.0901,3.4459,50.09,66,90,2.28,overcast clouds,0.0,0
173,sayyan,YE,2021-12-12 12:17:46,15.1718,44.3244,64.71,16,0,8.21,clear sky,0.0,0
174,tianpeng,CN,2021-12-12 12:17:46,30.9866,103.9393,50.47,69,100,3.85,overcast clouds,0.0,0
175,airai,TL,2021-12-12 12:17:46,-8.9266,125.4092,63.12,94,99,0.54,moderate rain,0.0,0
176,okha,RU,2021-12-12 12:17:47,53.5739,142.9478,26.94,97,100,6.02,light snow,0.0,0
177,imeni poliny osipenko,RU,2021-12-12 12:17:47,52.4201,136.4853,16.32,93,100,17.05,light snow,0.0,0
178,stephenville,US,2021-12-12 12:15:22,32.2207,-98.2023,34.16,71,1,3.44,clear sky,0.0,0
179,launceston,AU,2021-12-12 12:17:48,-41.45,147.1667,56.8,76,90,5.75,overcast clouds,0.0,0
180,chiplun,IN,2021-12-12 12:17:48,17.5333,73.5167,83.16,54,50,1.95,scattered clouds,0.0,0
181,dattapur,IN,2021-12-12 12:17:48,20.7667,78.1667,75.24,40,66,3.96,broken clouds,0.0,0
182,kidal,ML,2021-12-12 12:17:49,18.4411,1.4078,85.57,7,20,9.66,few clouds,0.0,0
183,port macquarie,AU,2021-12-12 12:17:49,-31.4333,152.9167,66.88,75,72,7.76,broken clouds,0.0,0
184,husavik,IS,2021-12-12 12:17:49,66.0449,-17.3389,39.11,83,99,12.88,overcast clouds,0.0,0
185,bahia blanca,AR,2021-12-12 12:13:50,-38.7196,-62.2724,71.47,27,100,10.63,overcast clouds,0.0,0
186,naze,JP,2021-12-12 12:17:50,28.3667,129.4833,63.9,60,51,14.25,broken clouds,0.0,0
187,juegang,CN,2021-12-12 12:17:50,32.3174,121.1855,47.91,61,96,14.27,overcast clouds,0.0,0
188,khani,GE,2021-12-12 12:17:50,41.9563,42.9566,53.17,39,92,5.82,overcast clouds,0.0,0
189,plettenberg bay,ZA,2021-12-12 12:17:51,-34.0527,23.3716,71.55,65,21,9.01,few clouds,0.0,0
190,el rosario,MX,2021-12-12 12:17:51,24.2556,-107.1828,57.15,79,0,3.49,clear sky,0.0,0
191,bambous virieux,MU,2021-12-12 12:17:52,-20.3428,57.7575,82.65,69,75,13.8,light rain,0.0,0
192,pinawa,CA,2021-12-12 12:17:52,50.1489,-95.8811,28.71,82,48,10.11,scattered clouds,0.0,0
193,atambua,ID,2021-12-12 12:17:52,-9.1061,124.8925,76.14,89,98,2.24,light rain,0.0,0
194,southbury,US,2021-12-12 12:17:52,41.4815,-73.2132,43.59,53,1,9.22,clear sky,0.0,0
195,vaitape,PF,2021-12-12 12:17:53,-16.5167,-151.75,80.06,72,98,5.88,overcast clouds,0.0,0
196,chokurdakh,RU,2021-12-12 12:17:53,70.6333,147.9167,-29.54,93,100,2.82,overcast clouds,0.0,0
197,saint-denis,FR,2021-12-12 12:17:54,48.9167,2.3333,52.75,95,90,1.01,overcast clouds,0.0,0
198,moron,AR,2021-12-12 12:13:55,-34.6534,-58.6198,84.02,53,32,7.38,scattered clouds,0.0,0
199,victoria,HK,2021-12-12 12:17:54,22.2855,114.1577,73.45,76,0,8.99,clear sky,0.0,0
200,bend,US,2021-12-12 12:17:54,44.0582,-121.3153,36.82,92,1,1.01,light snow,0.0,0
201,sidney,AU,2021-12-12 12:17:17,-33.8679,151.2073,64.71,74,75,1.01,broken clouds,0.0,0
202,kalevala,RU,2021-12-12 12:17:54,65.2,31.1667,26.65,96,100,5.26,snow,0.0,0
203,formosa,AR,2021-12-12 12:17:55,-26.1775,-58.1781,75.07,74,59,4.56,light rain,0.0,0
204,sigli,ID,2021-12-12 12:17:55,5.3848,95.9609,80.24,78,40,8.97,scattered clouds,0.0,0
205,srivardhan,IN,2021-12-12 12:17:55,18.0333,73.0167,80.64,64,57,6.87,broken clouds,0.0,0
206,mingoyo,TZ,2021-12-12 12:17:56,-10.1,39.6333,83.34,70,100,6.15,light rain,0.0,0
207,tuatapere,NZ,2021-12-12 12:17:56,-46.1333,167.6833,46.81,90,60,3.47,broken clouds,0.0,0
208,roma,US,2021-12-12 12:14:03,43.2128,-75.4557,35.83,92,90,9.22,light snow,0.0,0
209,salta,AR,2021-12-12 12:13:32,-24.7859,-65.4117,74.57,64,0,1.99,clear sky,0.0,0
210,yulara,AU,2021-12-12 12:17:56,-25.2406,130.9889,78.64,50,94,11.5,overcast clouds,0.0,0
211,okhotsk,RU,2021-12-12 12:17:57,59.3833,143.3,-2.83,77,92,18.19,overcast clouds,0.0,0
212,ossora,RU,2021-12-12 12:17:57,59.2353,163.0719,18.64,88,100,14.03,light snow,0.0,0
213,fairbanks,US,2021-12-12 12:17:57,64.8378,-147.7164,-4.77,73,75,0.0,light snow,0.0,0
214,yei,SS,2021-12-12 12:17:57,4.095,30.6779,93.4,17,100,7.31,overcast clouds,0.0,0
215,tarumovka,RU,2021-12-12 12:17:58,44.0761,46.5361,43.18,65,84,11.52,broken clouds,0.0,0
216,rorvik,NO,2021-12-12 12:17:58,64.8621,11.2373,37.51,70,75,9.22,light rain,0.0,0
217,belmonte,BR,2021-12-12 12:17:58,-15.8631,-38.8828,82.9,68,14,9.37,few clouds,0.0,0
218,orange cove,US,2021-12-12 12:17:59,36.6244,-119.3137,40.5,53,10,3.62,clear sky,0.0,0
219,mareeba,AU,2021-12-12 12:17:59,-17.0,145.4333,77.72,95,55,3.44,broken clouds,0.0,0
220,naryan-mar,RU,2021-12-12 12:18:00,67.6713,53.087,18.54,95,99,10.74,overcast clouds,0.0,0
221,linjiang,CN,2021-12-12 12:18:00,41.8069,126.9078,3.13,86,66,4.05,broken clouds,0.0,0
222,muisne,EC,2021-12-12 12:18:00,0.6,-80.0333,73.72,93,100,11.32,light rain,0.0,0
223,cidreira,BR,2021-12-12 12:18:01,-30.1811,-50.2056,72.57,73,94,7.63,overcast clouds,0.0,0
224,baruun-urt,MN,2021-12-12 12:18:01,46.6806,113.2792,11.61,64,5,18.84,clear sky,0.0,0
225,narsaq,GL,2021-12-12 12:18:02,60.9167,-46.05,21.42,82,67,4.23,broken clouds,0.0,0
226,sibut,CF,2021-12-12 12:18:04,5.718,19.0739,99.95,18,79,7.02,broken clouds,0.0,0
227,vila do maio,CV,2021-12-12 12:18:05,15.1333,-23.2167,79.59,71,85,11.61,overcast clouds,0.0,0
228,mocuba,MZ,2021-12-12 12:18:05,-16.8392,36.9856,106.99,16,2,7.27,clear sky,0.0,0
229,leningradskiy,RU,2021-12-12 12:18:05,69.3833,178.4167,-32.48,94,22,4.21,few clouds,0.0,0
230,archdale,US,2021-12-12 12:18:05,35.9146,-79.972,40.39,74,78,8.81,broken clouds,0.0,0
231,mfou,CM,2021-12-12 12:18:06,3.7159,11.6427,90.23,30,35,4.56,scattered clouds,0.0,0
232,karia,NG,2021-12-12 12:18:06,11.7306,11.1629,91.33,12,61,12.82,broken clouds,0.0,0
233,guerrero negro,MX,2021-12-12 12:18:06,27.9769,-114.0611,58.59,63,2,9.01,clear sky,0.0,0
234,rawson,AR,2021-12-12 12:18:07,-43.3002,-65.1023,64.89,29,0,22.86,clear sky,0.0,0
235,tyukhtet,RU,2021-12-12 12:18:07,56.5389,89.3011,8.56,93,100,8.59,overcast clouds,0.0,0
236,kahului,US,2021-12-12 12:16:01,20.8947,-156.47,71.62,93,75,16.11,broken clouds,0.0,0
237,sidi ali,DZ,2021-12-12 12:18:07,36.0998,0.4206,59.13,60,0,1.79,clear sky,0.0,0
238,voyvozh,RU,2021-12-12 12:18:08,62.892,54.9635,8.46,86,92,8.14,overcast clouds,0.0,0
239,constitucion,CL,2021-12-12 12:18:08,-35.3333,-72.4167,57.54,67,16,6.13,few clouds,0.0,0
240,betafo,MG,2021-12-12 12:18:09,-19.8333,46.85,86.76,22,59,7.4,broken clouds,0.0,0
241,strezhevoy,RU,2021-12-12 12:18:09,60.7333,77.5889,-7.02,98,28,5.26,scattered clouds,0.0,0
242,qaqortoq,GL,2021-12-12 12:18:09,60.7167,-46.0333,21.7,87,66,3.06,broken clouds,0.0,0
243,christchurch,NZ,2021-12-12 12:18:10,-43.5333,172.6333,57.0,73,75,3.0,broken clouds,0.0,0
244,zhigansk,RU,2021-12-12 12:18:10,66.7697,123.3711,-16.47,97,100,8.68,overcast clouds,0.0,0
245,almazar,UZ,2021-12-12 12:18:10,40.3217,69.0106,46.11,27,3,5.03,clear sky,0.0,0
246,kailua,US,2021-12-12 12:18:11,21.4022,-157.7394,73.38,49,95,20.56,light rain,0.0,0
247,grants,US,2021-12-12 12:18:11,35.1473,-107.8514,26.51,42,0,2.33,clear sky,0.0,0
248,flinders,AU,2021-12-12 12:18:12,-34.5833,150.8552,63.21,82,81,8.46,broken clouds,0.0,0
249,cacoal,BR,2021-12-12 12:18:13,-11.4386,-61.4472,75.56,96,100,3.4,overcast clouds,0.0,0
250,anadyr,RU,2021-12-12 12:18:13,64.75,177.4833,-34.1,74,40,6.71,fog,0.0,0
251,araouane,ML,2021-12-12 12:18:13,18.9048,-3.5265,82.18,6,54,7.85,broken clouds,0.0,0
252,aban,RU,2021-12-12 12:18:13,56.67,96.06,14.95,93,100,7.02,overcast clouds,0.0,0
253,billings,US,2021-12-12 12:16:38,45.7833,-108.5007,23.68,75,4,5.5,clear sky,0.0,0
254,parauna,BR,2021-12-12 12:18:14,-16.9478,-50.4486,75.74,81,98,6.24,overcast clouds,0.0,0
255,kutum,SD,2021-12-12 12:18:14,14.2,24.6667,82.56,13,28,7.2,scattered clouds,0.0,0
256,padang,ID,2021-12-12 12:18:14,-0.9492,100.3543,80.65,86,100,6.24,overcast clouds,0.0,0
257,goroka,PG,2021-12-12 12:18:15,-6.0834,145.3873,63.16,97,86,1.59,overcast clouds,0.0,0
258,klaksvik,FO,2021-12-12 12:18:15,62.2266,-6.589,45.52,75,44,21.25,scattered clouds,0.0,0
259,kapoeta,SS,2021-12-12 12:18:16,4.7717,33.5903,94.08,17,82,21.09,broken clouds,0.0,0
260,paamiut,GL,2021-12-12 12:18:16,61.994,-49.6678,12.87,91,88,6.85,overcast clouds,0.0,0
261,laguna,US,2021-12-12 12:18:16,38.421,-121.4238,52.21,82,90,3.0,overcast clouds,0.0,0
262,avarua,CK,2021-12-12 12:18:16,-21.2078,-159.775,77.05,83,96,6.91,overcast clouds,0.0,0
263,tefe,BR,2021-12-12 12:18:17,-3.3542,-64.7114,75.31,100,75,0.0,light rain,0.0,0
264,clyde river,CA,2021-12-12 12:18:17,70.4692,-68.5914,-1.97,84,20,10.36,few clouds,0.0,0
265,madang,PG,2021-12-12 12:18:17,-5.2246,145.7966,78.37,93,94,3.8,moderate rain,0.0,0
266,tasiilaq,GL,2021-12-12 12:18:18,65.6145,-37.6368,32.16,69,100,28.34,overcast clouds,0.0,0
267,vao,NC,2021-12-12 12:18:18,-22.6667,167.4833,78.39,89,100,17.94,overcast clouds,0.0,0
268,itarema,BR,2021-12-12 12:18:18,-2.9248,-39.9167,87.44,57,56,16.11,broken clouds,0.0,0
269,santiago de cao,PE,2021-12-12 12:18:19,-7.9589,-79.2392,62.73,94,29,3.44,mist,0.0,0
270,lavrentiya,RU,2021-12-12 12:18:19,65.5833,-171.0,-12.26,83,3,6.4,clear sky,0.0,0
271,akyab,MM,2021-12-12 12:18:19,20.15,92.9,79.72,53,1,14.74,clear sky,0.0,0
272,nome,US,2021-12-12 12:18:20,64.5011,-165.4064,-7.53,59,1,12.66,clear sky,0.0,0
273,hualmay,PE,2021-12-12 12:18:20,-11.0964,-77.6139,66.83,88,20,6.62,few clouds,0.0,0
274,havelock,US,2021-12-12 12:18:21,34.8791,-76.9013,53.58,84,90,4.0,overcast clouds,0.0,0
275,saint-junien,FR,2021-12-12 12:18:21,45.8833,0.9,47.34,85,99,2.17,overcast clouds,0.0,0
276,jacareacanga,BR,2021-12-12 12:18:21,-6.2222,-57.7528,76.35,95,100,1.39,overcast clouds,0.0,0
277,nishihara,JP,2021-12-12 12:18:21,26.1842,127.7558,69.08,78,75,14.97,broken clouds,0.0,0
278,lagoa,PT,2021-12-12 12:18:22,39.05,-27.9833,59.63,72,96,32.84,overcast clouds,0.0,0
279,darhan,MN,2021-12-12 12:18:22,49.4867,105.9228,9.16,84,27,7.76,scattered clouds,0.0,0
280,qui nhon,VN,2021-12-12 12:18:22,13.7667,109.2333,73.26,87,75,18.59,broken clouds,0.0,0
281,bilma,NE,2021-12-12 12:18:23,18.6853,12.9164,79.83,7,4,5.66,clear sky,0.0,0
282,berlevag,NO,2021-12-12 12:18:23,70.8578,29.0864,28.71,93,100,12.8,light snow,0.0,0
283,sinazongwe,ZM,2021-12-12 12:18:23,-17.2614,27.4618,95.09,32,7,11.43,clear sky,0.0,0
284,kavieng,PG,2021-12-12 12:18:24,-2.5744,150.7967,82.04,82,100,4.99,light rain,0.0,0
285,xining,CN,2021-12-12 12:18:24,36.6167,101.7667,24.84,33,0,1.48,clear sky,0.0,0
286,zamora,EC,2021-12-12 12:18:24,-4.0692,-78.9567,69.78,88,97,4.16,overcast clouds,0.0,0
287,imbituba,BR,2021-12-12 12:13:44,-28.24,-48.6703,74.82,82,100,2.24,light rain,0.0,0
288,kondopoga,RU,2021-12-12 12:18:25,62.2057,34.2614,6.48,98,95,3.51,overcast clouds,0.0,0
289,san cristobal,VE,2021-12-12 12:18:25,7.7669,-72.225,66.38,85,58,3.44,broken clouds,0.0,0
290,thinadhoo,MV,2021-12-12 12:18:26,0.5333,72.9333,80.62,76,89,7.81,overcast clouds,0.0,0
291,lebu,CL,2021-12-12 12:18:26,-37.6167,-73.65,54.18,73,32,6.89,scattered clouds,0.0,0
292,tezu,IN,2021-12-12 12:18:26,27.9167,96.1667,63.3,60,1,4.09,clear sky,0.0,0
293,bintulu,MY,2021-12-12 12:18:27,3.1667,113.0333,79.21,94,40,4.61,thunderstorm,0.0,0
294,marrakesh,MA,2021-12-12 12:15:00,31.6315,-8.0083,71.67,33,0,1.14,clear sky,0.0,0
295,pyaozerskiy,RU,2021-12-12 12:18:28,65.8333,31.1667,27.0,95,100,6.24,overcast clouds,0.0,0
296,uvarovo,RU,2021-12-12 12:18:28,51.9849,42.2615,25.92,69,78,8.75,broken clouds,0.0,0
297,upernavik,GL,2021-12-12 12:18:28,72.7868,-56.1549,5.85,90,100,8.52,overcast clouds,0.0,0
298,zykovo,RU,2021-12-12 12:18:29,55.9519,93.1461,14.99,83,100,8.28,overcast clouds,0.0,0
299,sasayama,JP,2021-12-12 12:18:29,35.0667,135.2167,55.89,89,83,4.52,broken clouds,0.0,0
300,nawa,IN,2021-12-12 12:18:29,27.0167,75.0,65.52,33,38,6.11,scattered clouds,0.0,0
301,chara,RU,2021-12-12 12:18:30,56.9064,118.2631,-15.34,85,94,0.54,overcast clouds,0.0,0
302,bezhetsk,RU,2021-12-12 12:18:30,57.7851,36.6965,21.74,94,93,9.55,overcast clouds,0.0,0
303,tevriz,RU,2021-12-12 12:18:30,57.509,72.4042,10.89,93,66,6.13,broken clouds,0.0,0
304,talnakh,RU,2021-12-12 12:18:31,69.4865,88.3972,-19.68,83,100,0.54,overcast clouds,0.0,0
305,ranong,TH,2021-12-12 12:18:31,9.9658,98.6348,80.53,84,32,8.52,scattered clouds,0.0,0
306,pecos,US,2021-12-12 12:18:32,31.4229,-103.4932,45.3,36,1,4.61,clear sky,0.0,0
307,gamba,GA,2021-12-12 12:18:32,-2.65,10.0,74.88,94,100,5.03,light rain,0.0,0
308,college,US,2021-12-12 12:18:32,64.8569,-147.8028,-4.79,73,90,0.0,light snow,0.0,0
309,tomatlan,MX,2021-12-12 12:18:33,19.9333,-105.25,66.43,68,41,3.96,scattered clouds,0.0,0
310,trogir,HR,2021-12-12 12:18:33,43.5125,16.2517,48.25,37,0,11.5,clear sky,0.0,0
311,yakeshi,CN,2021-12-12 12:18:33,49.2833,120.7333,-9.4,99,26,4.47,scattered clouds,0.0,0
312,apatity,RU,2021-12-12 12:18:34,67.5641,33.4031,22.59,96,100,5.01,overcast clouds,0.0,0
313,petropavlovsk-kamchatskiy,RU,2021-12-12 12:18:34,53.0452,158.6483,30.79,74,90,17.9,light shower snow,0.0,0
314,ekhabi,RU,2021-12-12 12:18:34,53.5102,142.9671,26.96,97,100,7.02,light snow,0.0,0
315,alofi,NU,2021-12-12 12:18:35,-19.0595,-169.9187,69.69,94,0,1.14,clear sky,0.0,0
316,amahai,ID,2021-12-12 12:18:35,-3.3333,128.9167,81.39,84,96,3.11,moderate rain,0.0,0
317,bereda,ES,2021-12-12 12:18:35,43.2686,-7.5406,55.92,100,80,3.29,broken clouds,0.0,0
318,karlskrona,SE,2021-12-12 12:18:35,56.1616,15.5866,34.25,84,100,4.92,overcast clouds,0.0,0
319,pekalongan,ID,2021-12-12 12:18:36,-6.8886,109.6753,82.0,81,88,3.89,overcast clouds,0.0,0
320,betare oya,CM,2021-12-12 12:18:36,5.6,14.0833,96.96,13,80,8.3,broken clouds,0.0,0
321,sorland,NO,2021-12-12 12:18:36,67.667,12.6934,39.27,73,91,9.84,overcast clouds,0.0,0
322,tukrah,LY,2021-12-12 12:18:37,32.5341,20.5791,63.57,52,66,21.32,broken clouds,0.0,0
323,bathsheba,BB,2021-12-12 12:18:37,13.2167,-59.5167,81.21,78,40,19.57,scattered clouds,0.0,0
324,igarka,RU,2021-12-12 12:18:37,67.4667,86.5833,-16.58,90,100,3.36,overcast clouds,0.0,0
325,cherskiy,RU,2021-12-12 12:18:38,68.75,161.3,-43.74,99,37,2.19,scattered clouds,0.0,0
326,villazon,BO,2021-12-12 12:18:38,-22.0866,-65.5942,51.6,24,3,9.01,clear sky,0.0,0
327,eureka,US,2021-12-12 12:15:28,40.8021,-124.1637,48.92,94,90,1.99,overcast clouds,0.0,0
328,alexandria,EG,2021-12-12 12:16:39,31.2156,29.9553,68.81,55,100,5.84,overcast clouds,0.0,0
329,ruidoso,US,2021-12-12 12:18:39,33.3317,-105.673,39.06,16,1,6.91,clear sky,0.0,0
330,saquarema,BR,2021-12-12 12:18:39,-22.92,-42.5103,84.34,72,100,5.97,overcast clouds,0.0,0
331,coxim,BR,2021-12-12 12:18:39,-18.5067,-54.76,77.22,87,100,4.16,overcast clouds,0.0,0
332,port huron,US,2021-12-12 12:16:42,42.9709,-82.4249,32.99,81,1,4.0,clear sky,0.0,0
333,nagato,JP,2021-12-12 12:18:40,34.3833,131.2,53.51,61,98,17.94,overcast clouds,0.0,0
334,emirdag,TR,2021-12-12 12:18:40,39.0197,31.15,57.45,42,40,6.2,scattered clouds,0.0,0
335,richards bay,ZA,2021-12-12 12:17:05,-28.783,32.0377,84.0,68,86,9.84,overcast clouds,0.0,0
336,markivka,UA,2021-12-12 12:18:40,49.5229,39.5705,35.71,61,58,13.98,broken clouds,0.0,0
337,udachnyy,RU,2021-12-12 12:18:41,66.4167,112.4,-45.83,100,100,3.04,overcast clouds,0.0,0
338,jamame,SO,2021-12-12 12:18:41,0.0722,42.7506,88.65,51,35,17.31,scattered clouds,0.0,0
339,urozhaynoye,RU,2021-12-12 12:18:41,44.7883,44.9228,40.87,64,76,12.41,broken clouds,0.0,0
340,tazovskiy,RU,2021-12-12 12:18:42,67.4667,78.7,-13.23,82,100,6.73,overcast clouds,0.0,0
341,jiaojiang,CN,2021-12-12 12:18:42,28.6803,121.4428,52.0,79,100,12.68,overcast clouds,0.0,0
342,yuyao,CN,2021-12-12 12:18:42,30.05,121.1494,53.8,75,100,7.45,overcast clouds,0.0,0
343,dunhua,CN,2021-12-12 12:18:43,43.3725,128.2425,7.83,81,100,15.9,overcast clouds,0.0,0
344,tambo,PE,2021-12-12 12:18:43,-14.8,-73.9167,36.41,54,25,1.95,scattered clouds,0.0,0
345,lumut,MY,2021-12-12 12:18:44,4.2323,100.6298,82.76,83,20,2.3,few clouds,0.0,0
346,shingu,JP,2021-12-12 12:18:44,33.7333,135.9833,55.44,68,11,10.65,few clouds,0.0,0
347,maniitsoq,GL,2021-12-12 12:18:44,65.4167,-52.9,17.47,74,96,6.26,overcast clouds,0.0,0
348,hondo,JP,2021-12-12 12:18:45,32.45,130.2,53.55,63,69,18.05,broken clouds,0.0,0
349,lisakovsk,KZ,2021-12-12 12:18:45,52.5369,62.4936,7.97,91,7,7.25,clear sky,0.0,0
350,vysokogornyy,RU,2021-12-12 12:18:45,50.1167,139.15,12.49,98,100,2.39,overcast clouds,0.0,0
351,fortuna,US,2021-12-12 12:16:43,40.5982,-124.1573,48.65,93,90,10.0,overcast clouds,0.0,0
352,bicaz,RO,2021-12-12 12:18:46,46.9167,26.0667,38.77,99,100,4.34,light snow,0.0,0
353,nizwa,OM,2021-12-12 12:18:46,22.9333,57.5333,77.76,21,0,5.97,clear sky,0.0,0
354,hasaki,JP,2021-12-12 12:18:46,35.7333,140.8333,61.2,57,37,22.66,scattered clouds,0.0,0
355,pechora,RU,2021-12-12 12:18:47,65.1472,57.2244,16.0,95,100,7.2,snow,0.0,0
356,muros,ES,2021-12-12 12:18:47,42.7762,-9.0603,61.23,89,58,3.56,broken clouds,0.0,0
357,barao de melgaco,BR,2021-12-12 12:18:48,-16.1944,-55.9675,84.72,83,100,5.55,overcast clouds,0.0,0
358,goderich,CA,2021-12-12 12:15:22,43.7501,-81.7165,37.9,69,7,20.71,clear sky,0.0,0
359,marawi,PH,2021-12-12 12:18:48,7.9986,124.2928,70.65,97,85,2.13,overcast clouds,0.0,0
360,burnie,AU,2021-12-12 12:18:49,-41.0667,145.9167,55.33,84,2,13.13,clear sky,0.0,0
361,port blair,IN,2021-12-12 12:18:49,11.6667,92.75,80.73,74,26,11.97,scattered clouds,0.0,0
362,defiance,US,2021-12-12 12:18:49,41.3334,-84.45,33.78,75,1,10.36,clear sky,0.0,0
363,faenza,IT,2021-12-12 12:18:50,44.2857,11.8833,51.48,40,0,3.44,clear sky,0.0,0
364,nemuro,JP,2021-12-12 12:18:50,43.3236,145.575,46.17,92,99,22.12,moderate rain,0.0,0
365,brigantine,US,2021-12-12 12:18:50,39.4101,-74.3646,44.65,59,1,11.5,clear sky,0.0,0
366,yertsevo,RU,2021-12-12 12:18:51,60.7966,40.086,11.03,91,50,7.09,scattered clouds,0.0,0
367,zambezi,ZM,2021-12-12 12:18:51,-13.5432,23.1047,95.49,20,91,6.82,overcast clouds,0.0,0
368,rosarito,MX,2021-12-12 12:18:52,32.3333,-117.0333,51.13,49,7,2.71,clear sky,0.0,0
369,namibe,AO,2021-12-12 12:18:52,-15.1961,12.1522,79.18,60,25,11.3,scattered clouds,0.0,0
370,ingham,US,2021-12-12 12:18:52,42.6,-84.3833,32.23,80,1,4.61,clear sky,0.0,0
371,camana,PE,2021-12-12 12:18:52,-16.6228,-72.7111,67.26,89,100,8.23,overcast clouds,0.0,0
372,sabang,ID,2021-12-12 12:17:08,5.8933,95.3214,82.45,71,12,21.56,few clouds,0.0,0
373,culebra,PR,2021-12-12 12:18:53,18.303,-65.301,80.64,78,53,11.99,broken clouds,0.0,0
374,omsukchan,RU,2021-12-12 12:18:53,62.5333,155.8,-6.23,82,100,3.71,overcast clouds,0.0,0
375,sawakin,SD,2021-12-12 12:18:53,19.1059,37.3321,84.7,60,14,17.65,few clouds,0.0,0
376,ayan,RU,2021-12-12 12:18:54,56.45,138.1667,10.96,69,100,11.23,overcast clouds,0.0,0
377,fort nelson,CA,2021-12-12 12:18:54,58.8053,-122.7002,0.99,78,90,4.61,light snow,0.0,0
378,yining,CN,2021-12-12 12:18:55,29.0361,114.5636,48.45,89,100,2.73,overcast clouds,0.0,0
379,kirakira,SB,2021-12-12 12:18:55,-10.4544,161.9205,80.82,86,100,10.31,overcast clouds,0.0,0
380,shirokiy,RU,2021-12-12 12:18:55,49.758,129.523,4.1,90,100,15.01,overcast clouds,0.0,0
381,cabedelo,BR,2021-12-12 12:18:56,-6.9811,-34.8339,84.87,63,12,13.76,few clouds,0.0,0
382,nioro,GM,2021-12-12 12:18:56,13.35,-15.75,92.3,28,82,2.35,broken clouds,0.0,0
383,acarau,BR,2021-12-12 12:18:57,-2.8856,-40.12,87.08,59,50,16.71,scattered clouds,0.0,0
384,ola,RU,2021-12-12 12:18:57,59.5833,151.2833,14.61,89,100,14.56,light snow,0.0,0
385,port-gentil,GA,2021-12-12 12:18:57,-0.7193,8.7815,78.4,84,100,8.59,overcast clouds,0.0,0
386,rio grande,BR,2021-12-12 12:18:58,-32.035,-52.0986,77.95,66,0,7.49,clear sky,0.0,0
387,severo-yeniseyskiy,RU,2021-12-12 12:18:58,60.3725,93.0408,-8.23,100,93,1.1,overcast clouds,0.0,0
388,taoudenni,ML,2021-12-12 12:18:58,22.6783,-3.9836,79.9,10,35,12.66,scattered clouds,0.0,0
389,nanortalik,GL,2021-12-12 12:18:59,60.1432,-45.2371,23.63,77,81,18.43,broken clouds,0.0,0
390,basco,PH,2021-12-12 12:18:59,20.4487,121.9702,76.3,65,20,22.1,few clouds,0.0,0
391,sitka,US,2021-12-12 12:18:59,57.0531,-135.33,35.49,64,90,20.71,light snow,0.0,0
392,tianmen,CN,2021-12-12 12:19:00,30.6516,113.1603,50.04,63,33,7.61,scattered clouds,0.0,0
393,lieksa,FI,2021-12-12 12:19:00,63.3167,30.0167,25.57,96,100,6.69,light snow,0.0,0
394,vanimo,PG,2021-12-12 12:19:00,-2.6741,141.3028,80.19,88,98,10.11,overcast clouds,0.0,0
395,ambon,ID,2021-12-12 12:19:01,-3.6954,128.1814,78.94,89,40,8.05,scattered clouds,0.0,0
396,bud,US,2021-12-12 12:19:01,39.447,-86.1758,31.32,82,33,6.62,scattered clouds,0.0,0
397,lang son,VN,2021-12-12 12:19:02,21.8333,106.7333,59.41,63,99,10.2,overcast clouds,0.0,0
398,vieques,PR,2021-12-12 12:19:02,18.425,-65.8329,80.64,83,75,8.05,broken clouds,0.0,0
399,ponta delgada,PT,2021-12-12 12:19:02,37.7333,-25.6667,63.5,72,40,11.5,scattered clouds,0.0,0
400,sao filipe,CV,2021-12-12 12:19:02,14.8961,-24.4956,75.02,68,48,7.45,scattered clouds,0.0,0
401,kushima,JP,2021-12-12 12:19:03,31.4583,131.2333,55.44,73,6,11.14,clear sky,0.0,0
402,piranshahr,IR,2021-12-12 12:19:03,36.701,45.1413,49.01,46,2,2.3,clear sky,0.0,0
403,maldonado,UY,2021-12-12 12:19:04,-34.6667,-54.9167,78.22,50,5,9.31,clear sky,0.0,0
404,boa vista,BR,2021-12-12 12:14:16,2.8197,-60.6733,78.93,80,100,7.74,overcast clouds,0.0,0
405,kothi,IN,2021-12-12 12:19:04,24.75,80.7833,63.37,36,9,3.78,clear sky,0.0,0
406,nijar,ES,2021-12-12 12:19:04,36.9665,-2.206,67.64,40,0,10.36,clear sky,0.0,0
407,seversk,RU,2021-12-12 12:18:23,56.6006,84.8864,4.15,100,92,3.76,overcast clouds,0.0,0
408,lakselv,NO,2021-12-12 12:19:05,70.0513,24.9718,26.42,86,90,9.22,light snow,0.0,0
409,duiwelskloof,ZA,2021-12-12 12:19:05,-23.6934,30.14,94.84,22,31,7.65,scattered clouds,0.0,0
410,kenora,CA,2021-12-12 12:15:22,49.8167,-94.4337,28.38,74,1,11.5,clear sky,0.0,0
411,trud,BG,2021-12-12 12:19:06,42.2333,24.7333,52.74,100,75,13.8,broken clouds,0.0,0
412,oksfjord,NO,2021-12-12 12:19:06,70.2396,22.3479,29.32,89,98,7.83,overcast clouds,0.0,0
413,kununurra,AU,2021-12-12 12:19:06,-15.7667,128.7333,91.38,46,8,12.66,clear sky,0.0,0
414,saint-francois,FR,2021-12-12 12:19:06,46.4154,3.9054,44.04,81,75,3.44,broken clouds,0.0,0
415,hun,LY,2021-12-12 12:19:07,29.1268,15.9477,61.02,45,0,7.49,clear sky,0.0,0
416,baykit,RU,2021-12-12 12:19:07,61.67,96.37,-12.68,99,99,3.31,overcast clouds,0.0,0
417,santa cruz,BO,2021-12-12 12:14:56,-17.8,-63.1667,74.66,100,90,21.85,thunderstorm with rain,0.0,0
418,platteville,US,2021-12-12 12:19:07,42.7342,-90.4785,32.14,93,1,11.5,clear sky,0.0,0
419,conde,BR,2021-12-12 12:19:08,-7.2597,-34.9075,83.66,70,75,10.36,broken clouds,0.0,0
420,olafsvik,IS,2021-12-12 12:19:08,64.8945,-23.7142,42.22,89,100,19.66,overcast clouds,0.0,0
421,armidale,AU,2021-12-12 12:19:08,-30.5167,151.65,51.71,98,50,5.86,scattered clouds,0.0,0
422,jalu,LY,2021-12-12 12:19:09,29.0331,21.5482,69.24,24,99,7.52,overcast clouds,0.0,0
423,vostok,RU,2021-12-12 12:19:10,46.4856,135.8833,7.16,96,100,4.85,light snow,0.0,0
424,vavoua,CI,2021-12-12 12:19:10,7.3819,-6.4778,96.03,27,11,3.09,few clouds,0.0,0
425,vryburg,ZA,2021-12-12 12:19:10,-26.9566,24.7284,86.85,30,100,12.66,overcast clouds,0.0,0
426,along,IN,2021-12-12 12:19:11,28.1667,94.7667,59.0,67,0,1.43,clear sky,0.0,0
427,paragominas,BR,2021-12-12 12:19:11,-2.9667,-47.4833,81.54,74,94,6.82,overcast clouds,0.0,0
428,san juan,AR,2021-12-12 12:18:31,-31.5375,-68.5364,68.43,59,16,20.15,few clouds,0.0,0
429,maryborough,AU,2021-12-12 12:19:11,-25.5333,152.7,75.11,78,5,6.58,clear sky,0.0,0
430,lysva,RU,2021-12-12 12:19:12,58.1086,57.8053,1.44,98,48,1.81,scattered clouds,0.0,0
431,broken hill,AU,2021-12-12 12:19:12,-31.95,141.4333,80.47,16,23,7.83,few clouds,0.0,0
432,hasilpur,PK,2021-12-12 12:19:12,29.7122,72.5553,66.29,18,79,2.04,broken clouds,0.0,0
433,simpang,ID,2021-12-12 12:19:13,-1.2667,104.0833,76.06,93,100,1.59,overcast clouds,0.0,0
434,melaka,MY,2021-12-12 12:19:13,2.196,102.2405,80.64,83,20,3.44,few clouds,0.0,0
435,samfya,ZM,2021-12-12 12:19:13,-11.3649,29.5565,91.0,23,21,5.91,few clouds,0.0,0
436,marzuq,YE,2021-12-12 12:19:14,14.4,46.4667,71.15,24,0,9.19,clear sky,0.0,0
437,zemio,CF,2021-12-12 12:19:14,5.0314,25.1361,98.83,19,66,7.76,broken clouds,0.0,0
438,magadan,RU,2021-12-12 12:19:14,59.5667,150.8,13.51,94,100,13.24,light snow,0.0,0
439,urumqi,CN,2021-12-12 12:18:02,43.801,87.6005,4.15,78,2,0.0,clear sky,0.0,0
440,gisborne,NZ,2021-12-12 12:19:15,-38.6533,178.0042,60.94,94,100,7.38,overcast clouds,0.0,0
441,awbari,LY,2021-12-12 12:19:15,26.5921,12.7805,65.17,22,17,8.12,few clouds,0.0,0
442,sisimiut,GL,2021-12-12 12:19:16,66.9395,-53.6735,18.82,92,100,6.38,light snow,0.0,0
443,tornio,FI,2021-12-12 12:19:16,65.8481,24.1466,26.62,97,100,9.24,overcast clouds,0.0,0
444,bontang,ID,2021-12-12 12:19:16,0.1333,117.5,78.48,85,84,6.13,light rain,0.0,0
445,margate,GB,2021-12-12 12:19:17,51.3813,1.3862,56.97,80,50,4.0,scattered clouds,0.0,0
446,kangaatsiaq,GL,2021-12-12 12:19:17,68.3065,-53.4641,19.35,93,93,2.01,light snow,0.0,0
447,gogrial,SS,2021-12-12 12:19:17,8.5332,28.1004,99.46,14,51,6.04,broken clouds,0.0,0
448,andros town,BS,2021-12-12 12:19:18,24.7,-77.7667,73.36,79,0,10.65,clear sky,0.0,0
449,beloha,MG,2021-12-12 12:19:18,-25.1667,45.05,100.02,27,4,14.94,clear sky,0.0,0
450,faanui,PF,2021-12-12 12:19:19,-16.4833,-151.75,80.2,73,100,8.21,overcast clouds,0.0,0
451,paraiba do sul,BR,2021-12-12 12:19:19,-22.1619,-43.2928,79.7,77,97,6.78,overcast clouds,0.0,0
452,brae,GB,2021-12-12 12:19:19,60.3964,-1.353,48.11,78,90,18.45,overcast clouds,0.0,0
453,abu samrah,SY,2021-12-12 12:19:20,35.3029,37.1841,66.18,33,41,8.28,scattered clouds,0.0,0
454,dzerzhinsk,RU,2021-12-12 12:19:20,56.2389,43.4631,13.82,85,0,4.47,clear sky,0.0,0
455,ust-nera,RU,2021-12-12 12:19:20,64.5667,143.2,-40.0,97,73,1.25,broken clouds,0.0,0
456,sistranda,NO,2021-12-12 12:19:21,63.7256,8.834,39.9,85,100,13.29,overcast clouds,0.0,0
457,kampong thum,KH,2021-12-12 12:19:21,12.7111,104.8887,78.82,64,82,5.46,broken clouds,0.0,0
458,chapais,CA,2021-12-12 12:19:21,49.7834,-74.8492,19.18,84,100,18.1,overcast clouds,0.0,0
459,hofn,IS,2021-12-12 12:19:22,64.2539,-15.2082,41.72,87,76,26.64,broken clouds,0.0,0
460,notre-dame-de-gravenchon,FR,2021-12-12 12:19:22,49.4894,0.5719,55.08,85,96,8.72,overcast clouds,0.0,0
461,tselinnoye,RU,2021-12-12 12:19:22,53.0833,85.6667,18.18,90,100,8.21,overcast clouds,0.0,0
462,biak,ID,2021-12-12 12:19:23,-0.9131,122.8766,79.34,85,82,1.7,broken clouds,0.0,0
463,la rioja,ES,2021-12-12 12:16:46,42.25,-2.5,52.48,55,33,2.55,scattered clouds,0.0,0
464,maxixe,MZ,2021-12-12 12:19:23,-23.8597,35.3472,89.42,58,20,20.71,few clouds,0.0,0
465,fort-shevchenko,KZ,2021-12-12 12:19:23,44.5086,50.263,36.16,65,79,17.16,broken clouds,0.0,0
466,tombouctou,ML,2021-12-12 12:19:24,20.0,-3.0,81.46,6,19,9.35,few clouds,0.0,0
467,roberval,CA,2021-12-12 12:19:24,48.5168,-72.2324,29.03,59,40,23.02,scattered clouds,0.0,0
468,carora,VE,2021-12-12 12:19:24,10.1755,-70.0827,68.0,81,38,0.65,scattered clouds,0.0,0
469,seoul,KR,2021-12-12 12:15:03,37.5683,126.9778,29.59,31,13,12.53,few clouds,0.0,0
470,santana do mundau,BR,2021-12-12 12:19:25,-9.1681,-36.2222,84.18,53,94,10.16,overcast clouds,0.0,0
471,general roca,AR,2021-12-12 12:18:22,-39.0333,-67.5833,61.2,33,19,24.83,few clouds,0.0,0
472,aklavik,CA,2021-12-12 12:19:25,68.2191,-135.0107,-1.48,92,100,23.58,light snow,0.0,0
473,belvedere marittimo,IT,2021-12-12 12:19:25,39.6179,15.8617,56.12,64,98,9.78,overcast clouds,0.0,0
474,celendin,PE,2021-12-12 12:19:26,-6.8703,-78.1517,55.92,82,76,0.89,broken clouds,0.0,0
475,santarem,BR,2021-12-12 12:19:26,-2.4431,-54.7083,80.73,89,75,10.36,broken clouds,0.0,0
476,celestun,MX,2021-12-12 12:19:26,20.8667,-90.4,71.85,90,63,6.26,broken clouds,0.0,0
477,isangel,VU,2021-12-12 12:19:27,-19.55,169.2667,80.2,86,100,9.55,overcast clouds,0.0,0
478,rantoul,US,2021-12-12 12:19:27,40.3084,-88.1559,32.18,89,1,5.99,clear sky,0.0,0
479,atasu,KZ,2021-12-12 12:19:27,48.6814,71.6433,23.29,96,100,8.86,light snow,0.0,0
480,batagay,RU,2021-12-12 12:19:28,67.6333,134.6333,-31.63,100,99,1.99,overcast clouds,0.0,0
481,paita,PE,2021-12-12 12:19:28,-5.0892,-81.1144,67.33,82,92,9.8,overcast clouds,0.0,0
482,khash,IR,2021-12-12 12:19:28,28.2211,61.2158,62.28,13,2,6.08,clear sky,0.0,0
483,balkanabat,TM,2021-12-12 12:19:29,39.5108,54.3671,52.59,58,42,11.65,scattered clouds,0.0,0
484,knysna,ZA,2021-12-12 12:19:09,-34.0363,23.0471,73.78,58,11,9.44,few clouds,0.0,0
485,severo-kurilsk,RU,2021-12-12 12:19:29,50.6789,156.125,32.58,97,100,17.94,light snow,0.0,0
486,grand gaube,MU,2021-12-12 12:19:30,-20.0064,57.6608,82.8,61,72,10.0,broken clouds,0.0,0
487,kaduqli,SD,2021-12-12 12:19:30,11.0167,29.7167,97.48,12,45,7.52,scattered clouds,0.0,0
488,cayenne,GF,2021-12-12 12:19:30,4.9333,-52.3333,77.04,91,75,1.01,heavy intensity rain,0.0,0
489,daru,PG,2021-12-12 12:19:30,-9.0763,143.2092,77.27,89,78,6.87,heavy intensity rain,0.0,0
490,lasa,IT,2021-12-12 12:19:31,46.6166,10.7002,39.69,70,13,8.25,few clouds,0.0,0
491,tottori,JP,2021-12-12 12:19:31,35.5,134.2333,53.67,66,75,20.71,broken clouds,0.0,0
492,cap malheureux,MU,2021-12-12 12:19:31,-19.9842,57.6142,82.89,61,70,10.0,broken clouds,0.0,0
493,westport,US,2021-12-12 12:16:38,41.1415,-73.3579,44.76,50,1,1.99,clear sky,0.0,0
494,tanout,NE,2021-12-12 12:19:32,14.9709,8.8879,82.85,7,78,14.12,broken clouds,0.0,0
495,the valley,AI,2021-12-12 12:19:32,18.217,-63.0578,82.09,78,40,12.66,scattered clouds,0.0,0
496,forrest city,US,2021-12-12 12:19:32,35.0081,-90.7898,31.78,63,0,2.57,clear sky,0.0,0
497,cassilandia,BR,2021-12-12 12:19:33,-19.1133,-51.7342,82.0,61,81,7.72,broken clouds,0.0,0
498,bejar,ES,2021-12-12 12:19:33,40.3864,-5.7634,59.58,57,29,2.89,scattered clouds,0.0,0
499,portree,GB,2021-12-12 12:19:33,57.4129,-6.1942,45.86,82,96,10.94,overcast clouds,0.0,0
500,kleive,NO,2021-12-12 12:19:34,62.7954,7.6359,41.32,81,75,10.36,broken clouds,0.0,0
501,trinidad,BO,2021-12-12 12:19:34,-14.8333,-64.9,80.58,89,40,12.66,scattered clouds,0.0,0
502,takoradi,GH,2021-12-12 12:19:35,4.8845,-1.7554,86.49,65,88,5.39,overcast clouds,0.0,0
503,portland,US,2021-12-12 12:18:59,45.5234,-122.6762,44.58,93,90,1.01,overcast clouds,0.0,0
504,nizhnevartovsk,RU,2021-12-12 12:19:35,60.9344,76.5531,-6.99,84,75,0.0,broken clouds,0.0,0
505,sao felix do xingu,BR,2021-12-12 12:19:35,-6.6447,-51.995,74.17,98,100,1.21,overcast clouds,0.0,0
506,sunnyside,US,2021-12-12 12:17:32,46.3237,-120.0087,43.79,70,90,0.0,overcast clouds,0.0,0
507,vila,PT,2021-12-12 12:19:36,42.0304,-8.1588,51.33,56,81,1.52,broken clouds,0.0,0
508,sakakah,SA,2021-12-12 12:19:36,29.9697,40.2064,76.57,23,90,10.2,overcast clouds,0.0,0
509,mahebourg,MU,2021-12-12 12:19:36,-20.4081,57.7,82.69,69,75,13.8,light rain,0.0,0
510,san ramon,US,2021-12-12 12:19:37,37.7799,-121.978,48.96,86,90,0.0,overcast clouds,0.0,0
511,novikovo,RU,2021-12-12 12:19:37,51.1537,37.8879,34.72,65,31,10.38,scattered clouds,0.0,0
512,tautira,PF,2021-12-12 12:19:37,-17.7333,-149.15,77.02,76,85,6.06,overcast clouds,0.0,0
513,koungou,YT,2021-12-12 12:19:38,-12.7336,45.2042,85.71,70,0,11.5,clear sky,0.0,0
514,canala,NC,2021-12-12 12:19:38,-21.5333,165.95,75.69,83,100,6.73,moderate rain,0.0,0
515,ancud,CL,2021-12-12 12:17:03,-41.8697,-73.8203,53.13,82,99,12.75,light rain,0.0,0
516,ishigaki,JP,2021-12-12 12:19:38,24.3448,124.1572,69.93,83,75,18.41,broken clouds,0.0,0
517,cervo,ES,2021-12-12 12:19:39,43.6702,-7.4101,59.97,65,93,2.21,overcast clouds,0.0,0
518,athabasca,CA,2021-12-12 12:15:22,54.7169,-113.2854,19.22,92,94,5.57,overcast clouds,0.0,0
519,asau,RO,2021-12-12 12:19:39,46.4333,26.4,42.96,85,100,4.79,overcast clouds,0.0,0
520,noumea,NC,2021-12-12 12:19:39,-22.2763,166.4572,84.0,99,100,5.5,light rain,0.0,0
521,wesselsbron,ZA,2021-12-12 12:19:40,-27.8549,26.3658,82.67,31,100,11.92,overcast clouds,0.0,0
522,solnechnyy,RU,2021-12-12 12:19:40,50.7214,136.6319,14.18,90,100,7.56,light snow,0.0,0
523,korla,CN,2021-12-12 12:19:40,41.7597,86.1469,22.41,70,4,1.36,clear sky,0.0,0
524,valle de allende,MX,2021-12-12 12:19:41,26.9333,-105.4,47.12,62,0,4.14,clear sky,0.0,0
525,camapua,BR,2021-12-12 12:19:41,-19.5314,-54.0439,79.72,67,100,6.78,overcast clouds,0.0,0
526,lasem,ID,2021-12-12 12:19:41,-6.6922,111.4527,80.76,81,20,6.06,few clouds,0.0,0
527,dakar,SN,2021-12-12 12:15:00,14.6937,-17.4441,90.48,57,16,1.28,few clouds,0.0,0
528,ipora,BR,2021-12-12 12:19:42,-16.4419,-51.1178,75.33,86,100,7.14,overcast clouds,0.0,0
529,van,TR,2021-12-12 12:15:22,38.4924,43.3831,43.95,61,40,3.44,scattered clouds,0.0,0
530,starkville,US,2021-12-12 12:19:42,33.4504,-88.8184,33.24,93,1,0.0,clear sky,0.0,0
531,beidao,CN,2021-12-12 12:19:42,34.5686,105.8933,32.16,77,3,2.06,clear sky,0.0,0
532,leshukonskoye,RU,2021-12-12 12:19:43,64.8989,45.7622,15.4,87,94,7.0,light snow,0.0,0
533,eirunepe,BR,2021-12-12 12:19:43,-6.6603,-69.8736,76.24,88,100,3.18,overcast clouds,0.0,0
534,porangatu,BR,2021-12-12 12:19:43,-13.4408,-49.1486,77.07,88,100,4.12,overcast clouds,0.0,0
535,yacopi,CO,2021-12-12 12:19:44,5.4595,-74.3382,59.99,97,99,2.04,overcast clouds,0.0,0
536,auki,SB,2021-12-12 12:19:44,-8.7676,160.7034,76.64,91,100,4.79,light rain,0.0,0
537,port hope,US,2021-12-12 12:19:44,43.9408,-82.7127,32.97,72,7,20.71,clear sky,0.0,0
538,tilichiki,RU,2021-12-12 12:19:45,60.4667,166.1,-8.73,82,92,11.39,overcast clouds,0.0,0
539,dubbo,AU,2021-12-12 12:18:04,-32.25,148.6167,60.93,77,40,6.91,scattered clouds,0.0,0
540,los llanos de aridane,ES,2021-12-12 12:19:45,28.6585,-17.9182,65.95,80,75,4.0,broken clouds,0.0,0
541,campobasso,IT,2021-12-12 12:19:45,41.6333,14.5833,52.16,71,97,13.15,overcast clouds,0.0,0
542,torrington,US,2021-12-12 12:19:46,41.8007,-73.1212,41.41,63,95,15.99,overcast clouds,0.0,0
543,hay river,CA,2021-12-12 12:15:22,60.8156,-115.7999,-4.02,84,75,12.66,broken clouds,0.0,0
544,springfield,US,2021-12-12 12:19:46,37.2153,-93.2982,34.47,79,1,5.01,clear sky,0.0,0
545,lubango,AO,2021-12-12 12:19:47,-14.9172,13.4925,79.61,41,48,1.97,scattered clouds,0.0,0
546,kabo,CF,2021-12-12 12:19:47,7.6994,18.629,100.2,15,41,6.76,scattered clouds,0.0,0
547,lata,PT,2021-12-12 12:19:47,40.1629,-8.3327,66.07,55,56,1.83,broken clouds,0.0,0
548,staraya poltavka,RU,2021-12-12 12:19:47,50.4772,46.4814,20.14,87,22,7.36,few clouds,0.0,0
549,kutahya,TR,2021-12-12 12:19:48,39.4242,29.9833,62.55,52,28,18.39,scattered clouds,0.0,0
550,dolinsk,RU,2021-12-12 12:19:48,47.35,142.8,31.86,99,100,9.24,snow,0.0,0
551,calvinia,ZA,2021-12-12 12:19:48,-31.4707,19.776,82.63,12,18,11.56,few clouds,0.0,0
552,gushikawa,JP,2021-12-12 12:19:49,26.3544,127.8686,69.03,83,75,14.97,broken clouds,0.0,0
553,gombong,ID,2021-12-12 12:19:49,-7.6072,109.5142,81.82,81,57,3.02,broken clouds,0.0,0
554,ouahigouya,BF,2021-12-12 12:19:49,13.5828,-2.4216,93.31,9,98,13.09,overcast clouds,0.0,0
555,puro,PH,2021-12-12 12:19:50,12.4841,123.3827,78.62,88,100,17.34,overcast clouds,0.0,0
556,weymouth,US,2021-12-12 12:19:50,42.2209,-70.9398,43.75,53,75,8.01,broken clouds,0.0,0
557,ambulu,ID,2021-12-12 12:19:50,-8.345,113.6058,78.48,88,70,2.33,broken clouds,0.0,0
558,maanshan,CN,2021-12-12 12:19:51,31.6957,118.4983,44.65,50,95,7.38,overcast clouds,0.0,0
559,seddon,AU,2021-12-12 12:19:51,-37.8068,144.8916,69.37,72,0,1.14,clear sky,0.0,0
560,sao francisco de assis,BR,2021-12-12 12:19:51,-29.5503,-55.1311,79.74,50,23,3.36,few clouds,0.0,0
561,yeppoon,AU,2021-12-12 12:19:52,-23.1333,150.7333,76.78,71,4,18.77,clear sky,0.0,0
562,baghdad,IQ,2021-12-12 12:17:20,33.3406,44.4009,69.71,28,0,18.41,clear sky,0.0,0
563,mantua,IT,2021-12-12 12:19:52,45.1667,10.7833,52.74,69,16,7.0,few clouds,0.0,0
564,kaka,TM,2021-12-12 12:19:52,37.3482,59.6143,55.51,51,66,5.26,broken clouds,0.0,0
565,vila velha,BR,2021-12-12 12:19:53,-20.3297,-40.2925,85.95,63,0,15.01,clear sky,0.0,0
566,evansville,US,2021-12-12 12:15:28,37.9748,-87.5558,30.02,86,1,4.61,clear sky,0.0,0
567,el olivar,HN,2021-12-12 12:19:53,15.0833,-87.8833,73.58,97,75,1.74,broken clouds,0.0,0
568,coquimbo,CL,2021-12-12 12:16:42,-29.9533,-71.3436,62.33,72,40,3.44,scattered clouds,0.0,0
569,chinchani,IN,2021-12-12 12:19:53,19.8667,72.7,79.16,67,13,8.52,few clouds,0.0,0
570,manati,PR,2021-12-12 12:19:54,18.4275,-66.4921,80.19,97,31,10.0,scattered clouds,0.0,0
571,progreso,MX,2021-12-12 12:19:54,21.2833,-89.6667,71.71,92,62,6.4,broken clouds,0.0,0
572,arvika,SE,2021-12-12 12:19:54,59.6553,12.5852,34.5,93,98,3.76,overcast clouds,0.0,0
573,yar-sale,RU,2021-12-12 12:19:55,66.8333,70.8333,-9.72,100,88,2.98,overcast clouds,0.0,0
574,quesnel,CA,2021-12-12 12:19:55,52.9999,-122.5029,16.3,92,40,3.44,scattered clouds,0.0,0
575,kupang,ID,2021-12-12 12:19:56,-10.1667,123.5833,77.58,100,40,4.16,scattered clouds,0.0,0
576,cayambe,EC,2021-12-12 12:19:56,0.05,-78.1333,47.46,98,100,4.45,light rain,0.0,0
577,kosikha,RU,2021-12-12 12:19:56,53.3617,84.5822,12.97,95,100,7.9,overcast clouds,0.0,0
578,asfi,MA,2021-12-12 12:19:57,32.2994,-9.2372,65.03,55,0,6.08,clear sky,0.0,0
579,beaverlodge,CA,2021-12-12 12:19:57,55.2166,-119.4361,7.95,93,85,2.28,overcast clouds,0.0,0
580,abu kamal,SY,2021-12-12 12:19:58,34.4506,40.9171,66.33,32,19,1.7,few clouds,0.0,0
581,benjamin constant,BR,2021-12-12 12:19:58,-4.3831,-70.0311,78.93,96,89,2.8,overcast clouds,0.0,0
582,nagykoros,HU,2021-12-12 12:19:58,47.0342,19.7786,41.34,70,90,16.11,light rain,0.0,0
583,sembe,CG,2021-12-12 12:19:59,1.6481,14.5806,92.68,35,100,1.48,overcast clouds,0.0,0
584,caraquet,CA,2021-12-12 12:19:59,47.7941,-64.9386,41.54,88,100,22.95,overcast clouds,0.0,0
585,ballina,AU,2021-12-12 12:19:59,-28.8667,153.5667,69.98,88,32,7.58,scattered clouds,0.0,0
586,horsham,GB,2021-12-12 12:17:43,51.064,-0.3272,57.33,90,75,11.5,broken clouds,0.0,0
587,katobu,ID,2021-12-12 12:20:00,-4.9408,122.5276,78.37,87,97,4.21,overcast clouds,0.0,0
588,goundam,ML,2021-12-12 12:20:00,16.4145,-3.6708,88.2,7,68,10.94,broken clouds,0.0,0
589,libertador general san martin,AR,2021-12-12 12:20:01,-23.8064,-64.7876,82.98,55,0,2.35,clear sky,0.0,0
590,veraval,IN,2021-12-12 12:20:01,20.9,70.3667,78.66,59,0,6.15,clear sky,0.0,0
591,iwanai,JP,2021-12-12 12:20:02,42.9744,140.5089,36.9,94,100,15.08,moderate rain,0.0,0
592,valparaiso,CL,2021-12-12 12:20:02,-33.0393,-71.6273,61.48,66,90,12.66,overcast clouds,0.0,0
593,kokopo,PG,2021-12-12 12:20:02,-4.352,152.2633,77.95,88,100,3.76,overcast clouds,0.0,0
594,timbiqui,CO,2021-12-12 12:20:02,2.7717,-77.6654,72.07,97,100,2.15,moderate rain,0.0,0
595,ust-uda,RU,2021-12-12 12:20:03,54.1742,103.0304,11.41,97,100,2.95,overcast clouds,0.0,0
596,vilyuysk,RU,2021-12-12 12:20:03,63.7553,121.6247,-39.17,100,66,3.42,broken clouds,0.0,0
597,erzin,TR,2021-12-12 12:20:03,36.9559,36.2,70.32,41,2,3.53,clear sky,0.0,0
598,jiutai,CN,2021-12-12 12:20:04,44.1525,125.8328,12.54,56,8,11.39,clear sky,0.0,0
599,salinas,US,2021-12-12 12:18:00,36.6777,-121.6555,49.01,82,75,9.22,broken clouds,0.0,0
600,grand-santi,GF,2021-12-12 12:20:04,4.25,-54.3833,78.03,86,100,2.8,overcast clouds,0.0,0
601,chiaravalle,IT,2021-12-12 12:20:05,43.6027,13.3246,50.74,67,34,9.22,scattered clouds,0.0,0
602,terra santa,BR,2021-12-12 12:20:05,-2.1042,-56.4869,81.72,75,94,3.74,overcast clouds,0.0,0
603,linxia,CN,2021-12-12 12:20:05,35.6003,103.2064,27.18,63,0,2.48,clear sky,0.0,0
604,los pozos,VE,2021-12-12 12:20:05,8.4518,-62.7268,73.26,99,100,4.05,overcast clouds,0.0,0
605,komsomolskiy,UZ,2021-12-12 12:18:19,40.4272,71.7189,45.32,39,1,2.3,haze,0.0,0
606,yaan,NG,2021-12-12 12:20:06,7.3833,8.5667,96.6,12,97,9.8,overcast clouds,0.0,0
607,kokstad,ZA,2021-12-12 12:20:06,-30.5472,29.4241,80.33,48,100,7.49,overcast clouds,0.0,0
608,shizunai,JP,2021-12-12 12:20:06,42.3339,142.3669,43.7,81,92,27.74,moderate rain,0.0,0
609,santiago del estero,AR,2021-12-12 12:20:07,-27.7951,-64.2615,83.8,51,0,11.07,clear sky,0.0,0
610,ibotirama,BR,2021-12-12 12:20:07,-12.1853,-43.2206,76.48,83,100,2.1,overcast clouds,0.0,0
611,zyryanka,RU,2021-12-12 12:20:07,65.75,150.85,-38.99,97,97,4.29,overcast clouds,0.0,0
612,mezen,RU,2021-12-12 12:20:08,65.8522,44.24,16.48,94,100,7.25,overcast clouds,0.0,0
613,florianopolis,BR,2021-12-12 12:20:08,-27.6146,-48.5012,74.62,91,75,3.44,light rain,0.0,0
614,robertsport,LR,2021-12-12 12:20:08,6.7533,-11.3686,83.41,71,61,5.95,broken clouds,0.0,0
615,envira,BR,2021-12-12 12:20:08,-7.3,-70.2167,77.52,84,94,4.32,overcast clouds,0.0,0
616,guaimaro,CU,2021-12-12 12:20:09,21.05,-77.35,72.1,92,0,6.22,clear sky,0.0,0
617,dengzhou,CN,2021-12-12 12:20:09,37.8086,120.7508,33.67,49,64,9.22,broken clouds,0.0,0
618,nerviano,IT,2021-12-12 12:20:09,45.5567,8.9777,53.26,60,76,0.22,broken clouds,0.0,0
619,torrevieja,ES,2021-12-12 12:20:10,37.9787,-0.6822,66.6,59,0,3.0,clear sky,0.0,0
620,vestmanna,FO,2021-12-12 12:20:10,62.1564,-7.1664,43.72,76,75,16.11,broken clouds,0.0,0
621,vizinga,RU,2021-12-12 12:20:10,61.0749,50.1031,10.8,87,99,6.51,overcast clouds,0.0,0
622,muncar,ID,2021-12-12 12:20:11,-8.4333,114.3333,78.67,89,83,6.85,broken clouds,0.0,0
623,hobyo,SO,2021-12-12 12:20:11,5.3505,48.5268,82.08,68,13,22.46,few clouds,0.0,0
624,chernyshevskiy,RU,2021-12-12 12:20:11,63.0128,112.4714,-39.82,99,79,4.07,broken clouds,0.0,0
625,syracuse,IT,2021-12-12 12:20:12,37.0881,15.2792,63.32,57,23,6.26,few clouds,0.0,0
626,zeya,RU,2021-12-12 12:20:12,53.75,127.2667,-1.53,84,46,3.83,scattered clouds,0.0,0
627,ladushkin,RU,2021-12-12 12:20:12,54.5703,20.171,30.06,92,83,8.61,broken clouds,0.0,0
628,malanje,AO,2021-12-12 12:20:12,-9.5402,16.341,79.83,68,79,4.29,light rain,0.0,0
629,laredo,US,2021-12-12 12:16:08,27.5064,-99.5075,46.4,45,1,3.44,clear sky,0.0,0
630,nantucket,US,2021-12-12 12:20:13,41.2835,-70.0995,46.51,49,1,18.41,clear sky,0.0,0
631,yangambi,CD,2021-12-12 12:20:13,0.8102,24.4336,86.41,58,98,2.57,overcast clouds,0.0,0
632,drovyanaya,RU,2021-12-12 12:20:14,51.5833,113.0333,7.39,83,100,2.75,overcast clouds,0.0,0
633,cerrik,AL,2021-12-12 12:20:14,41.0317,19.9758,46.47,92,100,4.63,overcast clouds,0.0,0
634,tiznit,MA,2021-12-12 12:20:14,29.5833,-9.5,70.39,19,0,5.21,clear sky,0.0,0
635,samtredia,GE,2021-12-12 12:20:15,42.1537,42.3352,61.07,39,0,20.71,clear sky,0.0,0
636,waddan,LY,2021-12-12 12:20:15,29.1614,16.139,61.7,44,0,7.61,clear sky,0.0,0
637,xuzhou,CN,2021-12-12 12:20:15,34.1805,117.1571,41.27,38,11,6.49,few clouds,0.0,0
638,belomorsk,RU,2021-12-12 12:20:16,64.5232,34.7668,25.79,95,100,7.49,light snow,0.0,0
639,dimitrovgrad,RU,2021-12-12 12:20:16,54.2139,49.6184,19.45,84,9,2.62,clear sky,0.0,0
640,arusha,TZ,2021-12-12 12:20:16,-3.3667,36.6833,76.35,51,85,5.55,overcast clouds,0.0,0
641,tarabuco,BO,2021-12-12 12:20:17,-19.1667,-64.9167,51.98,81,85,4.41,overcast clouds,0.0,0
642,broome,US,2021-12-12 12:20:17,42.2506,-75.833,35.2,70,1,3.0,clear sky,0.0,0
643,gladstone,AU,2021-12-12 12:20:17,-23.85,151.25,78.73,65,40,12.66,scattered clouds,0.0,0
644,alugan,PH,2021-12-12 12:20:18,12.2188,125.4808,79.77,88,100,16.28,overcast clouds,0.0,0
645,azuaga,ES,2021-12-12 12:20:18,38.2667,-5.6833,63.97,55,4,5.77,clear sky,0.0,0
646,emet,TR,2021-12-12 12:20:18,39.343,29.2585,56.61,59,56,20.87,light rain,0.0,0
647,nortelandia,BR,2021-12-12 12:20:19,-14.4547,-56.8028,77.49,86,99,7.49,overcast clouds,0.0,0
648,mitsamiouli,KM,2021-12-12 12:20:19,-11.3847,43.2844,82.6,68,88,10.4,overcast clouds,0.0,0
649,gobabis,NA,2021-12-12 12:20:19,-22.45,18.9667,79.3,34,100,19.13,overcast clouds,0.0,0
650,ocampo,MX,2021-12-12 12:20:20,21.65,-101.5,42.6,96,87,6.22,overcast clouds,0.0,0
651,floro,NO,2021-12-12 12:20:20,61.5996,5.0328,42.96,93,75,13.8,broken clouds,0.0,0
652,moose factory,CA,2021-12-12 12:20:20,51.2585,-80.6094,12.2,85,90,11.5,overcast clouds,0.0,0
653,peniche,PT,2021-12-12 12:20:21,39.3558,-9.3811,67.62,68,64,4.81,broken clouds,0.0,0
654,ambanja,MG,2021-12-12 12:20:21,-13.6833,48.45,84.83,62,99,8.03,overcast clouds,0.0,0
655,dabat,ET,2021-12-12 12:20:21,12.9842,37.765,69.73,15,0,2.71,clear sky,0.0,0
656,kaitangata,NZ,2021-12-12 12:20:22,-46.2817,169.8464,53.92,71,70,5.79,broken clouds,0.0,0
657,bijawar,IN,2021-12-12 12:20:22,24.6333,79.5,63.23,36,15,5.41,few clouds,0.0,0
658,pangkalanbuun,ID,2021-12-12 12:20:22,-2.6833,111.6167,75.61,97,99,2.77,moderate rain,0.0,0
659,potrerillos abajo,PA,2021-12-12 12:20:23,8.65,-82.4833,63.99,80,79,5.35,broken clouds,0.0,0
660,krechevitsy,RU,2021-12-12 12:20:23,58.617,31.401,28.51,96,100,6.82,overcast clouds,0.0,0
661,saint anthony,US,2021-12-12 12:20:23,45.0205,-93.218,27.48,78,1,3.0,clear sky,0.0,0
662,filingue,NE,2021-12-12 12:20:24,14.3521,3.3168,91.72,7,46,12.3,scattered clouds,0.0,0
663,kemijarvi,FI,2021-12-12 12:20:24,66.7131,27.4306,21.29,96,100,5.48,light snow,0.0,0
664,maarianhamina,AX,2021-12-12 12:20:24,60.0973,19.9348,30.06,100,42,1.14,scattered clouds,0.0,0
665,chiredzi,ZW,2021-12-12 12:20:25,-21.05,31.6667,105.24,14,3,7.11,clear sky,0.0,0
666,woodstock,CA,2021-12-12 12:19:48,43.1334,-80.7497,31.23,86,32,11.01,scattered clouds,0.0,0
667,khandyga,RU,2021-12-12 12:20:25,62.6667,135.6,-39.03,100,67,1.32,broken clouds,0.0,0
668,abaza,RU,2021-12-12 12:20:25,52.655,90.0928,18.7,72,85,8.79,overcast clouds,0.0,0
669,bose,IT,2021-12-12 12:20:26,45.4612,8.0137,49.71,38,76,1.7,broken clouds,0.0,0
670,baikunthpur,IN,2021-12-12 12:20:26,23.25,82.55,61.92,30,0,0.92,clear sky,0.0,0
671,manzanillo,CU,2021-12-12 12:20:26,20.3433,-77.1167,70.43,92,2,7.09,clear sky,0.0,0
672,salym,RU,2021-12-12 12:20:27,60.0625,71.4789,12.69,96,100,4.52,light snow,0.0,0
673,dawei,MM,2021-12-12 12:20:27,14.0833,98.2,78.55,52,15,10.94,few clouds,0.0,0
674,anage,BR,2021-12-12 12:20:27,-14.6122,-41.1356,77.97,71,56,6.69,broken clouds,0.0,0
675,malindi,KE,2021-12-12 12:20:28,-3.2175,40.1191,83.61,67,24,10.71,light rain,0.0,0
676,hagere hiywet,ET,2021-12-12 12:20:28,8.9833,37.85,75.25,20,59,9.42,broken clouds,0.0,0
677,kazachinskoye,RU,2021-12-12 12:20:28,57.6953,93.2761,7.03,97,100,3.27,overcast clouds,0.0,0
678,meulaboh,ID,2021-12-12 12:20:29,4.1363,96.1285,79.16,83,45,1.19,scattered clouds,0.0,0
679,dunedin,NZ,2021-12-12 12:20:29,-45.8742,170.5036,54.81,73,69,5.99,broken clouds,0.0,0
680,matamoros,MX,2021-12-12 12:20:29,25.5333,-103.25,49.1,44,12,1.83,few clouds,0.0,0
681,labuhan,ID,2021-12-12 12:20:30,-6.8844,112.2051,81.7,78,70,5.08,broken clouds,0.0,0
682,kikwit,CD,2021-12-12 12:20:30,-5.041,18.8162,74.46,94,98,6.67,light rain,0.0,0
683,homa bay,KE,2021-12-12 12:20:30,-0.5273,34.4571,84.38,34,99,10.4,overcast clouds,0.0,0
684,rebrikha,RU,2021-12-12 12:20:31,53.0733,82.3408,12.33,95,100,5.84,overcast clouds,0.0,0
685,porto novo,BJ,2021-12-12 12:20:31,6.4965,2.6036,95.2,38,47,2.71,scattered clouds,0.0,0
686,alyangula,AU,2021-12-12 12:20:31,-13.8483,136.4192,84.9,58,49,10.69,scattered clouds,0.0,0
687,qasigiannguit,GL,2021-12-12 12:20:32,68.8193,-51.1922,21.45,93,99,3.85,overcast clouds,0.0,0
688,sobolevo,RU,2021-12-12 12:20:32,54.4299,31.8996,34.3,100,100,10.2,overcast clouds,0.0,0
689,kieta,PG,2021-12-12 12:20:32,-6.2167,155.6333,80.49,84,97,0.69,light rain,0.0,0
690,meadow lake,US,2021-12-12 12:20:33,34.8014,-106.5436,31.24,29,0,2.26,clear sky,0.0,0
691,itaberai,BR,2021-12-12 12:20:33,-16.0203,-49.8103,74.41,86,100,6.22,overcast clouds,0.0,0
692,nichinan,JP,2021-12-12 12:20:33,31.6,131.3667,55.08,72,7,12.41,clear sky,0.0,0
693,tanabe,JP,2021-12-12 12:20:34,33.7333,135.3667,57.31,66,48,17.92,scattered clouds,0.0,0
694,oktyabrskiy,RU,2021-12-12 12:20:34,54.4815,53.471,13.77,92,60,2.75,broken clouds,0.0,0
695,sheltozero,RU,2021-12-12 12:20:34,61.3667,35.3667,16.61,91,59,9.71,broken clouds,0.0,0
696,necochea,AR,2021-12-12 12:20:35,-38.5473,-58.7368,70.03,75,99,11.97,light rain,0.0,0
697,camopi,GF,2021-12-12 12:20:35,3.1655,-52.3158,76.87,95,100,3.8,overcast clouds,0.0,0
698,ust-koksa,RU,2021-12-12 12:20:35,50.2696,85.6108,19.71,80,100,1.5,overcast clouds,0.0,0
699,codrington,AU,2021-12-12 12:20:36,-38.2667,141.9667,58.87,62,0,6.31,clear sky,0.0,0
